{
	"@programName": "ZAP",
	"@version": "2.16.0",
	"@generated": "Thu, 23 Jan 2025 15:11:02",
	"site":[ 
		{
			"@name": "http://juiceshop-dev-devsecops-47526599.azurewebsites.net",
			"@host": "juiceshop-dev-devsecops-47526599.azurewebsites.net",
			"@port": "80",
			"@ssl": "false",
			"alerts": [ 
			]
		},
		{
			"@name": "https://juiceshop-dev-devsecops-47526599.azurewebsites.net",
			"@host": "juiceshop-dev-devsecops-47526599.azurewebsites.net",
			"@port": "443",
			"@ssl": "true",
			"alerts": [ 
				{
					"pluginid": "40040",
					"alertRef": "40040",
					"alert": "CORS Misconfiguration",
					"name": "CORS Misconfiguration",
					"riskcode": "2",
					"confidence": "3",
					"riskdesc": "Medium (High)",
					"desc": "<p>This CORS misconfiguration could allow an attacker to perform AJAX queries to the vulnerable website from a malicious page loaded by the victim's user agent.</p><p>In order to perform authenticated AJAX queries, the server must specify the header \"Access-Control-Allow-Credentials: true\" and the \"Access-Control-Allow-Origin\" header must be set to null or the malicious page's domain. Even if this misconfiguration doesn't allow authenticated AJAX requests, unauthenticated sensitive content can still be accessed (e.g intranet websites).</p><p>A malicious page can belong to a malicious website but also a trusted website with flaws (e.g XSS, support of HTTP without TLS allowing code injection through MITM, etc).</p>",
					"instances":[ 
						{
							"id": "125",
							"uri": "https://juiceshop-dev-devsecops-47526599.azurewebsites.net",
							"method": "GET",
							"param": "",
							"attack": "origin: https://p3CpmdoA.com",
							"evidence": "",
							"otherinfo": ""
						},
						{
							"id": "126",
							"uri": "https://juiceshop-dev-devsecops-47526599.azurewebsites.net/",
							"method": "GET",
							"param": "",
							"attack": "origin: https://p3CpmdoA.com",
							"evidence": "",
							"otherinfo": ""
						},
						{
							"id": "128",
							"uri": "https://juiceshop-dev-devsecops-47526599.azurewebsites.net/assets",
							"method": "GET",
							"param": "",
							"attack": "origin: https://p3CpmdoA.com",
							"evidence": "",
							"otherinfo": ""
						},
						{
							"id": "131",
							"uri": "https://juiceshop-dev-devsecops-47526599.azurewebsites.net/assets/public",
							"method": "GET",
							"param": "",
							"attack": "origin: https://p3CpmdoA.com",
							"evidence": "",
							"otherinfo": ""
						},
						{
							"id": "127",
							"uri": "https://juiceshop-dev-devsecops-47526599.azurewebsites.net/assets/public/favicon_js.ico",
							"method": "GET",
							"param": "",
							"attack": "origin: https://p3CpmdoA.com",
							"evidence": "",
							"otherinfo": ""
						},
						{
							"id": "133",
							"uri": "https://juiceshop-dev-devsecops-47526599.azurewebsites.net/main.js",
							"method": "GET",
							"param": "",
							"attack": "origin: https://p3CpmdoA.com",
							"evidence": "",
							"otherinfo": ""
						},
						{
							"id": "130",
							"uri": "https://juiceshop-dev-devsecops-47526599.azurewebsites.net/polyfills.js",
							"method": "GET",
							"param": "",
							"attack": "origin: https://p3CpmdoA.com",
							"evidence": "",
							"otherinfo": ""
						},
						{
							"id": "129",
							"uri": "https://juiceshop-dev-devsecops-47526599.azurewebsites.net/robots.txt",
							"method": "GET",
							"param": "",
							"attack": "origin: https://p3CpmdoA.com",
							"evidence": "",
							"otherinfo": ""
						},
						{
							"id": "132",
							"uri": "https://juiceshop-dev-devsecops-47526599.azurewebsites.net/runtime.js",
							"method": "GET",
							"param": "",
							"attack": "origin: https://p3CpmdoA.com",
							"evidence": "",
							"otherinfo": ""
						},
						{
							"id": "134",
							"uri": "https://juiceshop-dev-devsecops-47526599.azurewebsites.net/sitemap.xml",
							"method": "GET",
							"param": "",
							"attack": "origin: https://p3CpmdoA.com",
							"evidence": "",
							"otherinfo": ""
						},
						{
							"id": "136",
							"uri": "https://juiceshop-dev-devsecops-47526599.azurewebsites.net/styles.css",
							"method": "GET",
							"param": "",
							"attack": "origin: https://p3CpmdoA.com",
							"evidence": "",
							"otherinfo": ""
						},
						{
							"id": "135",
							"uri": "https://juiceshop-dev-devsecops-47526599.azurewebsites.net/vendor.js",
							"method": "GET",
							"param": "",
							"attack": "origin: https://p3CpmdoA.com",
							"evidence": "",
							"otherinfo": ""
						}
					],
					"count": "12",
					"solution": "<p>If a web resource contains sensitive information, the origin should be properly specified in the Access-Control-Allow-Origin header. Only trusted websites needing this resource should be specified in this header, with the most secured protocol supported.</p>",
					"otherinfo": "",
					"reference": "<p>https://developer.mozilla.org/en-US/docs/Web/HTTP/CORS</p><p>https://portswigger.net/web-security/cors</p>",
					"cweid": "942",
					"wascid": "14",
					"sourceid": "2962"
				},
				{
					"pluginid": "10038",
					"alertRef": "10038-1",
					"alert": "Content Security Policy (CSP) Header Not Set",
					"name": "Content Security Policy (CSP) Header Not Set",
					"riskcode": "2",
					"confidence": "3",
					"riskdesc": "Medium (High)",
					"desc": "<p>Content Security Policy (CSP) is an added layer of security that helps to detect and mitigate certain types of attacks, including Cross Site Scripting (XSS) and data injection attacks. These attacks are used for everything from data theft to site defacement or distribution of malware. CSP provides a set of standard HTTP headers that allow website owners to declare approved sources of content that browsers should be allowed to load on that page \u2014 covered types are JavaScript, CSS, HTML frames, fonts, images and embeddable objects such as Java applets, ActiveX, audio and video files.</p>",
					"instances":[ 
						{
							"id": "22",
							"uri": "https://juiceshop-dev-devsecops-47526599.azurewebsites.net",
							"method": "GET",
							"param": "",
							"attack": "",
							"evidence": "",
							"otherinfo": ""
						},
						{
							"id": "1",
							"uri": "https://juiceshop-dev-devsecops-47526599.azurewebsites.net/",
							"method": "GET",
							"param": "",
							"attack": "",
							"evidence": "",
							"otherinfo": ""
						},
						{
							"id": "27",
							"uri": "https://juiceshop-dev-devsecops-47526599.azurewebsites.net/sitemap.xml",
							"method": "GET",
							"param": "",
							"attack": "",
							"evidence": "",
							"otherinfo": ""
						}
					],
					"count": "3",
					"solution": "<p>Ensure that your web server, application server, load balancer, etc. is configured to set the Content-Security-Policy header.</p>",
					"otherinfo": "",
					"reference": "<p>https://developer.mozilla.org/en-US/docs/Web/Security/CSP/Introducing_Content_Security_Policy</p><p>https://cheatsheetseries.owasp.org/cheatsheets/Content_Security_Policy_Cheat_Sheet.html</p><p>https://www.w3.org/TR/CSP/</p><p>https://w3c.github.io/webappsec-csp/</p><p>https://web.dev/articles/csp</p><p>https://caniuse.com/#feat=contentsecuritypolicy</p><p>https://content-security-policy.com/</p>",
					"cweid": "693",
					"wascid": "15",
					"sourceid": "7"
				},
				{
					"pluginid": "10098",
					"alertRef": "10098",
					"alert": "Cross-Domain Misconfiguration",
					"name": "Cross-Domain Misconfiguration",
					"riskcode": "2",
					"confidence": "2",
					"riskdesc": "Medium (Medium)",
					"desc": "<p>Web browser data loading may be possible, due to a Cross Origin Resource Sharing (CORS) misconfiguration on the web server.</p>",
					"instances":[ 
						{
							"id": "35",
							"uri": "https://juiceshop-dev-devsecops-47526599.azurewebsites.net",
							"method": "GET",
							"param": "",
							"attack": "",
							"evidence": "Access-Control-Allow-Origin: *",
							"otherinfo": "The CORS misconfiguration on the web server permits cross-domain read requests from arbitrary third party domains, using unauthenticated APIs on this domain. Web browser implementations do not permit arbitrary third parties to read the response from authenticated APIs, however. This reduces the risk somewhat. This misconfiguration could be used by an attacker to access data that is available in an unauthenticated manner, but which uses some other form of security, such as IP address white-listing."
						},
						{
							"id": "4",
							"uri": "https://juiceshop-dev-devsecops-47526599.azurewebsites.net/",
							"method": "GET",
							"param": "",
							"attack": "",
							"evidence": "Access-Control-Allow-Origin: *",
							"otherinfo": "The CORS misconfiguration on the web server permits cross-domain read requests from arbitrary third party domains, using unauthenticated APIs on this domain. Web browser implementations do not permit arbitrary third parties to read the response from authenticated APIs, however. This reduces the risk somewhat. This misconfiguration could be used by an attacker to access data that is available in an unauthenticated manner, but which uses some other form of security, such as IP address white-listing."
						},
						{
							"id": "14",
							"uri": "https://juiceshop-dev-devsecops-47526599.azurewebsites.net/assets/public/favicon_js.ico",
							"method": "GET",
							"param": "",
							"attack": "",
							"evidence": "Access-Control-Allow-Origin: *",
							"otherinfo": "The CORS misconfiguration on the web server permits cross-domain read requests from arbitrary third party domains, using unauthenticated APIs on this domain. Web browser implementations do not permit arbitrary third parties to read the response from authenticated APIs, however. This reduces the risk somewhat. This misconfiguration could be used by an attacker to access data that is available in an unauthenticated manner, but which uses some other form of security, such as IP address white-listing."
						},
						{
							"id": "68",
							"uri": "https://juiceshop-dev-devsecops-47526599.azurewebsites.net/main.js",
							"method": "GET",
							"param": "",
							"attack": "",
							"evidence": "Access-Control-Allow-Origin: *",
							"otherinfo": "The CORS misconfiguration on the web server permits cross-domain read requests from arbitrary third party domains, using unauthenticated APIs on this domain. Web browser implementations do not permit arbitrary third parties to read the response from authenticated APIs, however. This reduces the risk somewhat. This misconfiguration could be used by an attacker to access data that is available in an unauthenticated manner, but which uses some other form of security, such as IP address white-listing."
						},
						{
							"id": "62",
							"uri": "https://juiceshop-dev-devsecops-47526599.azurewebsites.net/polyfills.js",
							"method": "GET",
							"param": "",
							"attack": "",
							"evidence": "Access-Control-Allow-Origin: *",
							"otherinfo": "The CORS misconfiguration on the web server permits cross-domain read requests from arbitrary third party domains, using unauthenticated APIs on this domain. Web browser implementations do not permit arbitrary third parties to read the response from authenticated APIs, however. This reduces the risk somewhat. This misconfiguration could be used by an attacker to access data that is available in an unauthenticated manner, but which uses some other form of security, such as IP address white-listing."
						},
						{
							"id": "19",
							"uri": "https://juiceshop-dev-devsecops-47526599.azurewebsites.net/robots.txt",
							"method": "GET",
							"param": "",
							"attack": "",
							"evidence": "Access-Control-Allow-Origin: *",
							"otherinfo": "The CORS misconfiguration on the web server permits cross-domain read requests from arbitrary third party domains, using unauthenticated APIs on this domain. Web browser implementations do not permit arbitrary third parties to read the response from authenticated APIs, however. This reduces the risk somewhat. This misconfiguration could be used by an attacker to access data that is available in an unauthenticated manner, but which uses some other form of security, such as IP address white-listing."
						},
						{
							"id": "43",
							"uri": "https://juiceshop-dev-devsecops-47526599.azurewebsites.net/runtime.js",
							"method": "GET",
							"param": "",
							"attack": "",
							"evidence": "Access-Control-Allow-Origin: *",
							"otherinfo": "The CORS misconfiguration on the web server permits cross-domain read requests from arbitrary third party domains, using unauthenticated APIs on this domain. Web browser implementations do not permit arbitrary third parties to read the response from authenticated APIs, however. This reduces the risk somewhat. This misconfiguration could be used by an attacker to access data that is available in an unauthenticated manner, but which uses some other form of security, such as IP address white-listing."
						},
						{
							"id": "29",
							"uri": "https://juiceshop-dev-devsecops-47526599.azurewebsites.net/sitemap.xml",
							"method": "GET",
							"param": "",
							"attack": "",
							"evidence": "Access-Control-Allow-Origin: *",
							"otherinfo": "The CORS misconfiguration on the web server permits cross-domain read requests from arbitrary third party domains, using unauthenticated APIs on this domain. Web browser implementations do not permit arbitrary third parties to read the response from authenticated APIs, however. This reduces the risk somewhat. This misconfiguration could be used by an attacker to access data that is available in an unauthenticated manner, but which uses some other form of security, such as IP address white-listing."
						},
						{
							"id": "61",
							"uri": "https://juiceshop-dev-devsecops-47526599.azurewebsites.net/styles.css",
							"method": "GET",
							"param": "",
							"attack": "",
							"evidence": "Access-Control-Allow-Origin: *",
							"otherinfo": "The CORS misconfiguration on the web server permits cross-domain read requests from arbitrary third party domains, using unauthenticated APIs on this domain. Web browser implementations do not permit arbitrary third parties to read the response from authenticated APIs, however. This reduces the risk somewhat. This misconfiguration could be used by an attacker to access data that is available in an unauthenticated manner, but which uses some other form of security, such as IP address white-listing."
						},
						{
							"id": "76",
							"uri": "https://juiceshop-dev-devsecops-47526599.azurewebsites.net/vendor.js",
							"method": "GET",
							"param": "",
							"attack": "",
							"evidence": "Access-Control-Allow-Origin: *",
							"otherinfo": "The CORS misconfiguration on the web server permits cross-domain read requests from arbitrary third party domains, using unauthenticated APIs on this domain. Web browser implementations do not permit arbitrary third parties to read the response from authenticated APIs, however. This reduces the risk somewhat. This misconfiguration could be used by an attacker to access data that is available in an unauthenticated manner, but which uses some other form of security, such as IP address white-listing."
						}
					],
					"count": "10",
					"solution": "<p>Ensure that sensitive data is not available in an unauthenticated manner (using IP address white-listing, for instance).</p><p>Configure the \"Access-Control-Allow-Origin\" HTTP header to a more restrictive set of domains, or remove all CORS headers entirely, to allow the web browser to enforce the Same Origin Policy (SOP) in a more restrictive manner.</p>",
					"otherinfo": "<p>The CORS misconfiguration on the web server permits cross-domain read requests from arbitrary third party domains, using unauthenticated APIs on this domain. Web browser implementations do not permit arbitrary third parties to read the response from authenticated APIs, however. This reduces the risk somewhat. This misconfiguration could be used by an attacker to access data that is available in an unauthenticated manner, but which uses some other form of security, such as IP address white-listing.</p>",
					"reference": "<p>https://vulncat.fortify.com/en/detail?id=desc.config.dotnet.html5_overly_permissive_cors_policy</p>",
					"cweid": "264",
					"wascid": "14",
					"sourceid": "7"
				},
				{
					"pluginid": "40035",
					"alertRef": "40035",
					"alert": "Hidden File Found",
					"name": "Hidden File Found",
					"riskcode": "2",
					"confidence": "1",
					"riskdesc": "Medium (Low)",
					"desc": "<p>A sensitive file was identified as accessible or available. This may leak administrative, configuration, or credential information which can be leveraged by a malicious individual to further attack the system or conduct social engineering efforts.</p>",
					"instances":[ 
						{
							"id": "86",
							"uri": "https://juiceshop-dev-devsecops-47526599.azurewebsites.net/._darcs",
							"method": "GET",
							"param": "",
							"attack": "",
							"evidence": "HTTP/1.1 200 OK",
							"otherinfo": ""
						},
						{
							"id": "85",
							"uri": "https://juiceshop-dev-devsecops-47526599.azurewebsites.net/.bzr",
							"method": "GET",
							"param": "",
							"attack": "",
							"evidence": "HTTP/1.1 200 OK",
							"otherinfo": ""
						},
						{
							"id": "84",
							"uri": "https://juiceshop-dev-devsecops-47526599.azurewebsites.net/.hg",
							"method": "GET",
							"param": "",
							"attack": "",
							"evidence": "HTTP/1.1 200 OK",
							"otherinfo": ""
						},
						{
							"id": "87",
							"uri": "https://juiceshop-dev-devsecops-47526599.azurewebsites.net/BitKeeper",
							"method": "GET",
							"param": "",
							"attack": "",
							"evidence": "HTTP/1.1 200 OK",
							"otherinfo": ""
						}
					],
					"count": "4",
					"solution": "<p>Consider whether or not the component is actually required in production, if it isn't then disable it. If it is then ensure access to it requires appropriate authentication and authorization, or limit exposure to internal systems or specific source IPs, etc.</p>",
					"otherinfo": "",
					"reference": "<p>https://blog.hboeck.de/archives/892-Introducing-Snallygaster-a-Tool-to-Scan-for-Secrets-on-Web-Servers.html</p>",
					"cweid": "538",
					"wascid": "13",
					"sourceid": "2205"
				},
				{
					"pluginid": "40025",
					"alertRef": "40025",
					"alert": "Proxy Disclosure",
					"name": "Proxy Disclosure",
					"riskcode": "2",
					"confidence": "2",
					"riskdesc": "Medium (Medium)",
					"desc": "<p>1 proxy server(s) were detected or fingerprinted. This information helps a potential attacker to determine</p><p>- A list of targets for an attack against the application.</p><p> - Potential vulnerabilities on the proxy servers that service the application.</p><p> - The presence or absence of any proxy-based components that might cause attacks against the application to be detected, prevented, or mitigated.</p>",
					"instances":[ 
						{
							"id": "113",
							"uri": "https://juiceshop-dev-devsecops-47526599.azurewebsites.net",
							"method": "GET",
							"param": "",
							"attack": "TRACE, OPTIONS methods with 'Max-Forwards' header. TRACK method.",
							"evidence": "",
							"otherinfo": "Using the TRACE, OPTIONS, and TRACK methods, the following proxy servers have been identified between ZAP and the application/web server:\n- Unknown\nThe following web/application server has been identified:\n- Unknown\n"
						},
						{
							"id": "112",
							"uri": "https://juiceshop-dev-devsecops-47526599.azurewebsites.net/",
							"method": "GET",
							"param": "",
							"attack": "TRACE, OPTIONS methods with 'Max-Forwards' header. TRACK method.",
							"evidence": "",
							"otherinfo": "Using the TRACE, OPTIONS, and TRACK methods, the following proxy servers have been identified between ZAP and the application/web server:\n- Unknown\nThe following web/application server has been identified:\n- Unknown\n"
						},
						{
							"id": "114",
							"uri": "https://juiceshop-dev-devsecops-47526599.azurewebsites.net/assets",
							"method": "GET",
							"param": "",
							"attack": "TRACE, OPTIONS methods with 'Max-Forwards' header. TRACK method.",
							"evidence": "",
							"otherinfo": "Using the TRACE, OPTIONS, and TRACK methods, the following proxy servers have been identified between ZAP and the application/web server:\n- Unknown\nThe following web/application server has been identified:\n- Unknown\n"
						},
						{
							"id": "118",
							"uri": "https://juiceshop-dev-devsecops-47526599.azurewebsites.net/assets/public",
							"method": "GET",
							"param": "",
							"attack": "TRACE, OPTIONS methods with 'Max-Forwards' header. TRACK method.",
							"evidence": "",
							"otherinfo": "Using the TRACE, OPTIONS, and TRACK methods, the following proxy servers have been identified between ZAP and the application/web server:\n- Unknown\nThe following web/application server has been identified:\n- Unknown\n"
						},
						{
							"id": "119",
							"uri": "https://juiceshop-dev-devsecops-47526599.azurewebsites.net/assets/public/favicon_js.ico",
							"method": "GET",
							"param": "",
							"attack": "TRACE, OPTIONS methods with 'Max-Forwards' header. TRACK method.",
							"evidence": "",
							"otherinfo": "Using the TRACE, OPTIONS, and TRACK methods, the following proxy servers have been identified between ZAP and the application/web server:\n- Unknown\nThe following web/application server has been identified:\n- Unknown\n"
						},
						{
							"id": "115",
							"uri": "https://juiceshop-dev-devsecops-47526599.azurewebsites.net/ftp",
							"method": "GET",
							"param": "",
							"attack": "TRACE, OPTIONS methods with 'Max-Forwards' header. TRACK method.",
							"evidence": "",
							"otherinfo": "Using the TRACE, OPTIONS, and TRACK methods, the following proxy servers have been identified between ZAP and the application/web server:\n- Unknown\nThe following web/application server has been identified:\n- Unknown\n"
						},
						{
							"id": "117",
							"uri": "https://juiceshop-dev-devsecops-47526599.azurewebsites.net/main.js",
							"method": "GET",
							"param": "",
							"attack": "TRACE, OPTIONS methods with 'Max-Forwards' header. TRACK method.",
							"evidence": "",
							"otherinfo": "Using the TRACE, OPTIONS, and TRACK methods, the following proxy servers have been identified between ZAP and the application/web server:\n- Unknown\nThe following web/application server has been identified:\n- Unknown\n"
						},
						{
							"id": "116",
							"uri": "https://juiceshop-dev-devsecops-47526599.azurewebsites.net/polyfills.js",
							"method": "GET",
							"param": "",
							"attack": "TRACE, OPTIONS methods with 'Max-Forwards' header. TRACK method.",
							"evidence": "",
							"otherinfo": "Using the TRACE, OPTIONS, and TRACK methods, the following proxy servers have been identified between ZAP and the application/web server:\n- Unknown\nThe following web/application server has been identified:\n- Unknown\n"
						},
						{
							"id": "124",
							"uri": "https://juiceshop-dev-devsecops-47526599.azurewebsites.net/robots.txt",
							"method": "GET",
							"param": "",
							"attack": "TRACE, OPTIONS methods with 'Max-Forwards' header. TRACK method.",
							"evidence": "",
							"otherinfo": "Using the TRACE, OPTIONS, and TRACK methods, the following proxy servers have been identified between ZAP and the application/web server:\n- Unknown\nThe following web/application server has been identified:\n- Unknown\n"
						},
						{
							"id": "122",
							"uri": "https://juiceshop-dev-devsecops-47526599.azurewebsites.net/runtime.js",
							"method": "GET",
							"param": "",
							"attack": "TRACE, OPTIONS methods with 'Max-Forwards' header. TRACK method.",
							"evidence": "",
							"otherinfo": "Using the TRACE, OPTIONS, and TRACK methods, the following proxy servers have been identified between ZAP and the application/web server:\n- Unknown\nThe following web/application server has been identified:\n- Unknown\n"
						},
						{
							"id": "121",
							"uri": "https://juiceshop-dev-devsecops-47526599.azurewebsites.net/sitemap.xml",
							"method": "GET",
							"param": "",
							"attack": "TRACE, OPTIONS methods with 'Max-Forwards' header. TRACK method.",
							"evidence": "",
							"otherinfo": "Using the TRACE, OPTIONS, and TRACK methods, the following proxy servers have been identified between ZAP and the application/web server:\n- Unknown\nThe following web/application server has been identified:\n- Unknown\n"
						},
						{
							"id": "120",
							"uri": "https://juiceshop-dev-devsecops-47526599.azurewebsites.net/styles.css",
							"method": "GET",
							"param": "",
							"attack": "TRACE, OPTIONS methods with 'Max-Forwards' header. TRACK method.",
							"evidence": "",
							"otherinfo": "Using the TRACE, OPTIONS, and TRACK methods, the following proxy servers have been identified between ZAP and the application/web server:\n- Unknown\nThe following web/application server has been identified:\n- Unknown\n"
						},
						{
							"id": "123",
							"uri": "https://juiceshop-dev-devsecops-47526599.azurewebsites.net/vendor.js",
							"method": "GET",
							"param": "",
							"attack": "TRACE, OPTIONS methods with 'Max-Forwards' header. TRACK method.",
							"evidence": "",
							"otherinfo": "Using the TRACE, OPTIONS, and TRACK methods, the following proxy servers have been identified between ZAP and the application/web server:\n- Unknown\nThe following web/application server has been identified:\n- Unknown\n"
						}
					],
					"count": "13",
					"solution": "<p>Disable the 'TRACE' method on the proxy servers, as well as the origin web/application server.</p><p>Disable the 'OPTIONS' method on the proxy servers, as well as the origin web/application server, if it is not required for other purposes, such as 'CORS' (Cross Origin Resource Sharing).</p><p>Configure the web and application servers with custom error pages, to prevent 'fingerprintable' product-specific error pages being leaked to the user in the event of HTTP errors, such as 'TRACK' requests for non-existent pages.</p><p>Configure all proxies, application servers, and web servers to prevent disclosure of the technology and version information in the 'Server' and 'X-Powered-By' HTTP response headers.</p><p></p>",
					"otherinfo": "<p>Using the TRACE, OPTIONS, and TRACK methods, the following proxy servers have been identified between ZAP and the application/web server:</p><p>- Unknown</p><p>The following web/application server has been identified:</p><p>- Unknown</p><p></p>",
					"reference": "<p>https://tools.ietf.org/html/rfc7231#section-5.1.2</p>",
					"cweid": "204",
					"wascid": "45",
					"sourceid": "2861"
				},
				{
					"pluginid": "10054",
					"alertRef": "10054-2",
					"alert": "Cookie with SameSite Attribute None",
					"name": "Cookie with SameSite Attribute None",
					"riskcode": "1",
					"confidence": "2",
					"riskdesc": "Low (Medium)",
					"desc": "<p>A cookie has been set with its SameSite attribute set to \"none\", which means that the cookie can be sent as a result of a 'cross-site' request. The SameSite attribute is an effective counter measure to cross-site request forgery, cross-site script inclusion, and timing attacks.</p>",
					"instances":[ 
						{
							"id": "33",
							"uri": "https://juiceshop-dev-devsecops-47526599.azurewebsites.net",
							"method": "GET",
							"param": "ARRAffinitySameSite",
							"attack": "",
							"evidence": "Set-Cookie: ARRAffinitySameSite",
							"otherinfo": ""
						},
						{
							"id": "3",
							"uri": "https://juiceshop-dev-devsecops-47526599.azurewebsites.net/",
							"method": "GET",
							"param": "ARRAffinitySameSite",
							"attack": "",
							"evidence": "Set-Cookie: ARRAffinitySameSite",
							"otherinfo": ""
						}
					],
					"count": "2",
					"solution": "<p>Ensure that the SameSite attribute is set to either 'lax' or ideally 'strict' for all cookies.</p>",
					"otherinfo": "",
					"reference": "<p>https://tools.ietf.org/html/draft-ietf-httpbis-cookie-same-site</p>",
					"cweid": "1275",
					"wascid": "13",
					"sourceid": "7"
				},
				{
					"pluginid": "10054",
					"alertRef": "10054-1",
					"alert": "Cookie without SameSite Attribute",
					"name": "Cookie without SameSite Attribute",
					"riskcode": "1",
					"confidence": "2",
					"riskdesc": "Low (Medium)",
					"desc": "<p>A cookie has been set without the SameSite attribute, which means that the cookie can be sent as a result of a 'cross-site' request. The SameSite attribute is an effective counter measure to cross-site request forgery, cross-site script inclusion, and timing attacks.</p>",
					"instances":[ 
						{
							"id": "31",
							"uri": "https://juiceshop-dev-devsecops-47526599.azurewebsites.net",
							"method": "GET",
							"param": "ARRAffinity",
							"attack": "",
							"evidence": "Set-Cookie: ARRAffinity",
							"otherinfo": ""
						},
						{
							"id": "2",
							"uri": "https://juiceshop-dev-devsecops-47526599.azurewebsites.net/",
							"method": "GET",
							"param": "ARRAffinity",
							"attack": "",
							"evidence": "Set-Cookie: ARRAffinity",
							"otherinfo": ""
						}
					],
					"count": "2",
					"solution": "<p>Ensure that the SameSite attribute is set to either 'lax' or ideally 'strict' for all cookies.</p>",
					"otherinfo": "",
					"reference": "<p>https://tools.ietf.org/html/draft-ietf-httpbis-cookie-same-site</p>",
					"cweid": "1275",
					"wascid": "13",
					"sourceid": "7"
				},
				{
					"pluginid": "10017",
					"alertRef": "10017",
					"alert": "Cross-Domain JavaScript Source File Inclusion",
					"name": "Cross-Domain JavaScript Source File Inclusion",
					"riskcode": "1",
					"confidence": "2",
					"riskdesc": "Low (Medium)",
					"desc": "<p>The page includes one or more script files from a third-party domain.</p>",
					"instances":[ 
						{
							"id": "36",
							"uri": "https://juiceshop-dev-devsecops-47526599.azurewebsites.net",
							"method": "GET",
							"param": "//cdnjs.cloudflare.com/ajax/libs/cookieconsent2/3.1.0/cookieconsent.min.js",
							"attack": "",
							"evidence": "<script src=\"//cdnjs.cloudflare.com/ajax/libs/cookieconsent2/3.1.0/cookieconsent.min.js\"></script>",
							"otherinfo": ""
						},
						{
							"id": "37",
							"uri": "https://juiceshop-dev-devsecops-47526599.azurewebsites.net",
							"method": "GET",
							"param": "//cdnjs.cloudflare.com/ajax/libs/jquery/2.2.4/jquery.min.js",
							"attack": "",
							"evidence": "<script src=\"//cdnjs.cloudflare.com/ajax/libs/jquery/2.2.4/jquery.min.js\"></script>",
							"otherinfo": ""
						},
						{
							"id": "5",
							"uri": "https://juiceshop-dev-devsecops-47526599.azurewebsites.net/",
							"method": "GET",
							"param": "//cdnjs.cloudflare.com/ajax/libs/cookieconsent2/3.1.0/cookieconsent.min.js",
							"attack": "",
							"evidence": "<script src=\"//cdnjs.cloudflare.com/ajax/libs/cookieconsent2/3.1.0/cookieconsent.min.js\"></script>",
							"otherinfo": ""
						},
						{
							"id": "6",
							"uri": "https://juiceshop-dev-devsecops-47526599.azurewebsites.net/",
							"method": "GET",
							"param": "//cdnjs.cloudflare.com/ajax/libs/jquery/2.2.4/jquery.min.js",
							"attack": "",
							"evidence": "<script src=\"//cdnjs.cloudflare.com/ajax/libs/jquery/2.2.4/jquery.min.js\"></script>",
							"otherinfo": ""
						},
						{
							"id": "30",
							"uri": "https://juiceshop-dev-devsecops-47526599.azurewebsites.net/sitemap.xml",
							"method": "GET",
							"param": "//cdnjs.cloudflare.com/ajax/libs/cookieconsent2/3.1.0/cookieconsent.min.js",
							"attack": "",
							"evidence": "<script src=\"//cdnjs.cloudflare.com/ajax/libs/cookieconsent2/3.1.0/cookieconsent.min.js\"></script>",
							"otherinfo": ""
						},
						{
							"id": "34",
							"uri": "https://juiceshop-dev-devsecops-47526599.azurewebsites.net/sitemap.xml",
							"method": "GET",
							"param": "//cdnjs.cloudflare.com/ajax/libs/jquery/2.2.4/jquery.min.js",
							"attack": "",
							"evidence": "<script src=\"//cdnjs.cloudflare.com/ajax/libs/jquery/2.2.4/jquery.min.js\"></script>",
							"otherinfo": ""
						}
					],
					"count": "6",
					"solution": "<p>Ensure JavaScript source files are loaded from only trusted sources, and the sources can't be controlled by end users of the application.</p>",
					"otherinfo": "",
					"reference": "",
					"cweid": "829",
					"wascid": "15",
					"sourceid": "7"
				},
				{
					"pluginid": "10110",
					"alertRef": "10110",
					"alert": "Dangerous JS Functions",
					"name": "Dangerous JS Functions",
					"riskcode": "1",
					"confidence": "1",
					"riskdesc": "Low (Low)",
					"desc": "<p>A dangerous JS function seems to be in use that would leave the site vulnerable.</p>",
					"instances":[ 
						{
							"id": "74",
							"uri": "https://juiceshop-dev-devsecops-47526599.azurewebsites.net/main.js",
							"method": "GET",
							"param": "",
							"attack": "",
							"evidence": "bypassSecurityTrustHtml(",
							"otherinfo": ""
						},
						{
							"id": "80",
							"uri": "https://juiceshop-dev-devsecops-47526599.azurewebsites.net/vendor.js",
							"method": "GET",
							"param": "",
							"attack": "",
							"evidence": "bypassSecurityTrustHtml(",
							"otherinfo": ""
						}
					],
					"count": "2",
					"solution": "<p>See the references for security advice on the use of these functions.</p>",
					"otherinfo": "",
					"reference": "<p>https://angular.io/guide/security</p>",
					"cweid": "749",
					"wascid": "-1",
					"sourceid": "23"
				},
				{
					"pluginid": "10063",
					"alertRef": "10063-2",
					"alert": "Deprecated Feature Policy Header Set",
					"name": "Deprecated Feature Policy Header Set",
					"riskcode": "1",
					"confidence": "2",
					"riskdesc": "Low (Medium)",
					"desc": "<p>The header has now been renamed to Permissions-Policy.</p>",
					"instances":[ 
						{
							"id": "56",
							"uri": "https://juiceshop-dev-devsecops-47526599.azurewebsites.net",
							"method": "GET",
							"param": "",
							"attack": "",
							"evidence": "Feature-Policy",
							"otherinfo": ""
						},
						{
							"id": "11",
							"uri": "https://juiceshop-dev-devsecops-47526599.azurewebsites.net/",
							"method": "GET",
							"param": "",
							"attack": "",
							"evidence": "Feature-Policy",
							"otherinfo": ""
						},
						{
							"id": "75",
							"uri": "https://juiceshop-dev-devsecops-47526599.azurewebsites.net/main.js",
							"method": "GET",
							"param": "",
							"attack": "",
							"evidence": "Feature-Policy",
							"otherinfo": ""
						},
						{
							"id": "65",
							"uri": "https://juiceshop-dev-devsecops-47526599.azurewebsites.net/polyfills.js",
							"method": "GET",
							"param": "",
							"attack": "",
							"evidence": "Feature-Policy",
							"otherinfo": ""
						},
						{
							"id": "60",
							"uri": "https://juiceshop-dev-devsecops-47526599.azurewebsites.net/runtime.js",
							"method": "GET",
							"param": "",
							"attack": "",
							"evidence": "Feature-Policy",
							"otherinfo": ""
						},
						{
							"id": "49",
							"uri": "https://juiceshop-dev-devsecops-47526599.azurewebsites.net/sitemap.xml",
							"method": "GET",
							"param": "",
							"attack": "",
							"evidence": "Feature-Policy",
							"otherinfo": ""
						},
						{
							"id": "81",
							"uri": "https://juiceshop-dev-devsecops-47526599.azurewebsites.net/vendor.js",
							"method": "GET",
							"param": "",
							"attack": "",
							"evidence": "Feature-Policy",
							"otherinfo": ""
						}
					],
					"count": "7",
					"solution": "<p>Ensure that your web server, application server, load balancer, etc. is configured to set the Permissions-Policy header instead of the Feature-Policy header.</p>",
					"otherinfo": "",
					"reference": "<p>https://developer.mozilla.org/en-US/docs/Web/HTTP/Headers/Permissions-Policy</p><p>https://scotthelme.co.uk/goodbye-feature-policy-and-hello-permissions-policy/</p>",
					"cweid": "16",
					"wascid": "15",
					"sourceid": "7"
				},
				{
					"pluginid": "10047",
					"alertRef": "10047",
					"alert": "HTTPS Content Available via HTTP",
					"name": "HTTPS Content Available via HTTP",
					"riskcode": "1",
					"confidence": "2",
					"riskdesc": "Low (Medium)",
					"desc": "<p>Content which was initially accessed via HTTPS (i.e.: using SSL/TLS encryption) is also accessible via HTTP (without encryption).</p>",
					"instances":[ 
						{
							"id": "139",
							"uri": "https://juiceshop-dev-devsecops-47526599.azurewebsites.net/assets/public/favicon_js.ico",
							"method": "GET",
							"param": "",
							"attack": "",
							"evidence": "http://juiceshop-dev-devsecops-47526599.azurewebsites.net/assets/public/favicon_js.ico",
							"otherinfo": "ZAP attempted to connect via: http://juiceshop-dev-devsecops-47526599.azurewebsites.net/assets/public/favicon_js.ico"
						},
						{
							"id": "141",
							"uri": "https://juiceshop-dev-devsecops-47526599.azurewebsites.net/main.js",
							"method": "GET",
							"param": "",
							"attack": "",
							"evidence": "http://juiceshop-dev-devsecops-47526599.azurewebsites.net/main.js",
							"otherinfo": "ZAP attempted to connect via: http://juiceshop-dev-devsecops-47526599.azurewebsites.net/main.js"
						},
						{
							"id": "140",
							"uri": "https://juiceshop-dev-devsecops-47526599.azurewebsites.net/polyfills.js",
							"method": "GET",
							"param": "",
							"attack": "",
							"evidence": "http://juiceshop-dev-devsecops-47526599.azurewebsites.net/polyfills.js",
							"otherinfo": "ZAP attempted to connect via: http://juiceshop-dev-devsecops-47526599.azurewebsites.net/polyfills.js"
						},
						{
							"id": "137",
							"uri": "https://juiceshop-dev-devsecops-47526599.azurewebsites.net/robots.txt",
							"method": "GET",
							"param": "",
							"attack": "",
							"evidence": "http://juiceshop-dev-devsecops-47526599.azurewebsites.net/robots.txt",
							"otherinfo": "ZAP attempted to connect via: http://juiceshop-dev-devsecops-47526599.azurewebsites.net/robots.txt"
						},
						{
							"id": "138",
							"uri": "https://juiceshop-dev-devsecops-47526599.azurewebsites.net/runtime.js",
							"method": "GET",
							"param": "",
							"attack": "",
							"evidence": "http://juiceshop-dev-devsecops-47526599.azurewebsites.net/runtime.js",
							"otherinfo": "ZAP attempted to connect via: http://juiceshop-dev-devsecops-47526599.azurewebsites.net/runtime.js"
						},
						{
							"id": "142",
							"uri": "https://juiceshop-dev-devsecops-47526599.azurewebsites.net/styles.css",
							"method": "GET",
							"param": "",
							"attack": "",
							"evidence": "http://juiceshop-dev-devsecops-47526599.azurewebsites.net/styles.css",
							"otherinfo": "ZAP attempted to connect via: http://juiceshop-dev-devsecops-47526599.azurewebsites.net/styles.css"
						},
						{
							"id": "143",
							"uri": "https://juiceshop-dev-devsecops-47526599.azurewebsites.net/vendor.js",
							"method": "GET",
							"param": "",
							"attack": "",
							"evidence": "http://juiceshop-dev-devsecops-47526599.azurewebsites.net/vendor.js",
							"otherinfo": "ZAP attempted to connect via: http://juiceshop-dev-devsecops-47526599.azurewebsites.net/vendor.js"
						}
					],
					"count": "7",
					"solution": "<p>Ensure that your web server, application server, load balancer, etc. is configured to only serve such content via HTTPS. Consider implementing HTTP Strict Transport Security.</p>",
					"otherinfo": "<p>ZAP attempted to connect via: http://juiceshop-dev-devsecops-47526599.azurewebsites.net/assets/public/favicon_js.ico</p>",
					"reference": "<p>https://cheatsheetseries.owasp.org/cheatsheets/HTTP_Strict_Transport_Security_Cheat_Sheet.html</p><p>https://owasp.org/www-community/Security_Headers</p><p>https://en.wikipedia.org/wiki/HTTP_Strict_Transport_Security</p><p>https://caniuse.com/stricttransportsecurity</p><p>https://datatracker.ietf.org/doc/html/rfc6797</p>",
					"cweid": "311",
					"wascid": "4",
					"sourceid": "3013"
				},
				{
					"pluginid": "90004",
					"alertRef": "90004-2",
					"alert": "Insufficient Site Isolation Against Spectre Vulnerability",
					"name": "Insufficient Site Isolation Against Spectre Vulnerability",
					"riskcode": "1",
					"confidence": "2",
					"riskdesc": "Low (Medium)",
					"desc": "<p>Cross-Origin-Embedder-Policy header is a response header that prevents a document from loading any cross-origin resources that don't explicitly grant the document permission (using CORP or CORS).</p>",
					"instances":[ 
						{
							"id": "58",
							"uri": "https://juiceshop-dev-devsecops-47526599.azurewebsites.net",
							"method": "GET",
							"param": "Cross-Origin-Embedder-Policy",
							"attack": "",
							"evidence": "",
							"otherinfo": ""
						},
						{
							"id": "12",
							"uri": "https://juiceshop-dev-devsecops-47526599.azurewebsites.net/",
							"method": "GET",
							"param": "Cross-Origin-Embedder-Policy",
							"attack": "",
							"evidence": "",
							"otherinfo": ""
						},
						{
							"id": "52",
							"uri": "https://juiceshop-dev-devsecops-47526599.azurewebsites.net/sitemap.xml",
							"method": "GET",
							"param": "Cross-Origin-Embedder-Policy",
							"attack": "",
							"evidence": "",
							"otherinfo": ""
						},
						{
							"id": "59",
							"uri": "https://juiceshop-dev-devsecops-47526599.azurewebsites.net",
							"method": "GET",
							"param": "Cross-Origin-Opener-Policy",
							"attack": "",
							"evidence": "",
							"otherinfo": ""
						},
						{
							"id": "13",
							"uri": "https://juiceshop-dev-devsecops-47526599.azurewebsites.net/",
							"method": "GET",
							"param": "Cross-Origin-Opener-Policy",
							"attack": "",
							"evidence": "",
							"otherinfo": ""
						},
						{
							"id": "55",
							"uri": "https://juiceshop-dev-devsecops-47526599.azurewebsites.net/sitemap.xml",
							"method": "GET",
							"param": "Cross-Origin-Opener-Policy",
							"attack": "",
							"evidence": "",
							"otherinfo": ""
						}
					],
					"count": "6",
					"solution": "<p>Ensure that the application/web server sets the Cross-Origin-Embedder-Policy header appropriately, and that it sets the Cross-Origin-Embedder-Policy header to 'require-corp' for documents.</p><p>If possible, ensure that the end user uses a standards-compliant and modern web browser that supports the Cross-Origin-Embedder-Policy header (https://caniuse.com/mdn-http_headers_cross-origin-embedder-policy).</p>",
					"otherinfo": "",
					"reference": "<p>https://developer.mozilla.org/en-US/docs/Web/HTTP/Headers/Cross-Origin-Embedder-Policy</p>",
					"cweid": "693",
					"wascid": "14",
					"sourceid": "7"
				},
				{
					"pluginid": "10035",
					"alertRef": "10035-1",
					"alert": "Strict-Transport-Security Header Not Set",
					"name": "Strict-Transport-Security Header Not Set",
					"riskcode": "1",
					"confidence": "3",
					"riskdesc": "Low (High)",
					"desc": "<p>HTTP Strict Transport Security (HSTS) is a web security policy mechanism whereby a web server declares that complying user agents (such as a web browser) are to interact with it using only secure HTTPS connections (i.e. HTTP layered over TLS/SSL). HSTS is an IETF standards track protocol and is specified in RFC 6797.</p>",
					"instances":[ 
						{
							"id": "46",
							"uri": "https://juiceshop-dev-devsecops-47526599.azurewebsites.net",
							"method": "GET",
							"param": "",
							"attack": "",
							"evidence": "",
							"otherinfo": ""
						},
						{
							"id": "8",
							"uri": "https://juiceshop-dev-devsecops-47526599.azurewebsites.net/",
							"method": "GET",
							"param": "",
							"attack": "",
							"evidence": "",
							"otherinfo": ""
						},
						{
							"id": "15",
							"uri": "https://juiceshop-dev-devsecops-47526599.azurewebsites.net/assets/public/favicon_js.ico",
							"method": "GET",
							"param": "",
							"attack": "",
							"evidence": "",
							"otherinfo": ""
						},
						{
							"id": "82",
							"uri": "https://juiceshop-dev-devsecops-47526599.azurewebsites.net/ftp",
							"method": "GET",
							"param": "",
							"attack": "",
							"evidence": "",
							"otherinfo": ""
						},
						{
							"id": "70",
							"uri": "https://juiceshop-dev-devsecops-47526599.azurewebsites.net/main.js",
							"method": "GET",
							"param": "",
							"attack": "",
							"evidence": "",
							"otherinfo": ""
						},
						{
							"id": "63",
							"uri": "https://juiceshop-dev-devsecops-47526599.azurewebsites.net/polyfills.js",
							"method": "GET",
							"param": "",
							"attack": "",
							"evidence": "",
							"otherinfo": ""
						},
						{
							"id": "20",
							"uri": "https://juiceshop-dev-devsecops-47526599.azurewebsites.net/robots.txt",
							"method": "GET",
							"param": "",
							"attack": "",
							"evidence": "",
							"otherinfo": ""
						},
						{
							"id": "50",
							"uri": "https://juiceshop-dev-devsecops-47526599.azurewebsites.net/runtime.js",
							"method": "GET",
							"param": "",
							"attack": "",
							"evidence": "",
							"otherinfo": ""
						},
						{
							"id": "41",
							"uri": "https://juiceshop-dev-devsecops-47526599.azurewebsites.net/sitemap.xml",
							"method": "GET",
							"param": "",
							"attack": "",
							"evidence": "",
							"otherinfo": ""
						},
						{
							"id": "66",
							"uri": "https://juiceshop-dev-devsecops-47526599.azurewebsites.net/styles.css",
							"method": "GET",
							"param": "",
							"attack": "",
							"evidence": "",
							"otherinfo": ""
						},
						{
							"id": "78",
							"uri": "https://juiceshop-dev-devsecops-47526599.azurewebsites.net/vendor.js",
							"method": "GET",
							"param": "",
							"attack": "",
							"evidence": "",
							"otherinfo": ""
						}
					],
					"count": "11",
					"solution": "<p>Ensure that your web server, application server, load balancer, etc. is configured to enforce Strict-Transport-Security.</p>",
					"otherinfo": "",
					"reference": "<p>https://cheatsheetseries.owasp.org/cheatsheets/HTTP_Strict_Transport_Security_Cheat_Sheet.html</p><p>https://owasp.org/www-community/Security_Headers</p><p>https://en.wikipedia.org/wiki/HTTP_Strict_Transport_Security</p><p>https://caniuse.com/stricttransportsecurity</p><p>https://datatracker.ietf.org/doc/html/rfc6797</p>",
					"cweid": "319",
					"wascid": "15",
					"sourceid": "7"
				},
				{
					"pluginid": "10096",
					"alertRef": "10096",
					"alert": "Timestamp Disclosure - Unix",
					"name": "Timestamp Disclosure - Unix",
					"riskcode": "1",
					"confidence": "1",
					"riskdesc": "Low (Low)",
					"desc": "<p>A timestamp was disclosed by the application/web server. - Unix</p>",
					"instances":[ 
						{
							"id": "71",
							"uri": "https://juiceshop-dev-devsecops-47526599.azurewebsites.net/main.js",
							"method": "GET",
							"param": "",
							"attack": "",
							"evidence": "1734944650",
							"otherinfo": "1734944650, which evaluates to: 2024-12-23 09:04:10."
						}
					],
					"count": "1",
					"solution": "<p>Manually confirm that the timestamp data is not sensitive, and that the data cannot be aggregated to disclose exploitable patterns.</p>",
					"otherinfo": "<p>1734944650, which evaluates to: 2024-12-23 09:04:10.</p>",
					"reference": "<p>https://cwe.mitre.org/data/definitions/200.html</p>",
					"cweid": "200",
					"wascid": "13",
					"sourceid": "23"
				},
				{
					"pluginid": "90027",
					"alertRef": "90027",
					"alert": "Cookie Slack Detector",
					"name": "Cookie Slack Detector",
					"riskcode": "0",
					"confidence": "1",
					"riskdesc": "Informational (Low)",
					"desc": "<p>Repeated GET requests: drop a different cookie each time, followed by normal request with all cookies to stabilize session, compare responses against original baseline GET. This can reveal areas where cookie based authentication/attributes are not actually enforced.</p>",
					"instances":[ 
						{
							"id": "144",
							"uri": "https://juiceshop-dev-devsecops-47526599.azurewebsites.net",
							"method": "GET",
							"param": "",
							"attack": "",
							"evidence": "",
							"otherinfo": "Cookies that don't have expected effects can reveal flaws in application logic. In the worst case, this can reveal where authentication via cookie token(s) is not actually enforced.\nThese cookies affected the response: \nThese cookies did NOT affect the response: ARRAffinitySameSite,ARRAffinity\n"
						},
						{
							"id": "145",
							"uri": "https://juiceshop-dev-devsecops-47526599.azurewebsites.net/",
							"method": "GET",
							"param": "",
							"attack": "",
							"evidence": "",
							"otherinfo": "Cookies that don't have expected effects can reveal flaws in application logic. In the worst case, this can reveal where authentication via cookie token(s) is not actually enforced.\nThese cookies affected the response: \nThese cookies did NOT affect the response: ARRAffinitySameSite,ARRAffinity\n"
						},
						{
							"id": "146",
							"uri": "https://juiceshop-dev-devsecops-47526599.azurewebsites.net/assets",
							"method": "GET",
							"param": "",
							"attack": "",
							"evidence": "",
							"otherinfo": "Cookies that don't have expected effects can reveal flaws in application logic. In the worst case, this can reveal where authentication via cookie token(s) is not actually enforced.\nThese cookies affected the response: \nThese cookies did NOT affect the response: ARRAffinitySameSite,ARRAffinity\n"
						},
						{
							"id": "149",
							"uri": "https://juiceshop-dev-devsecops-47526599.azurewebsites.net/assets/public",
							"method": "GET",
							"param": "",
							"attack": "",
							"evidence": "",
							"otherinfo": "Cookies that don't have expected effects can reveal flaws in application logic. In the worst case, this can reveal where authentication via cookie token(s) is not actually enforced.\nThese cookies affected the response: \nThese cookies did NOT affect the response: ARRAffinitySameSite,ARRAffinity\n"
						},
						{
							"id": "147",
							"uri": "https://juiceshop-dev-devsecops-47526599.azurewebsites.net/assets/public/favicon_js.ico",
							"method": "GET",
							"param": "",
							"attack": "",
							"evidence": "",
							"otherinfo": "Cookies that don't have expected effects can reveal flaws in application logic. In the worst case, this can reveal where authentication via cookie token(s) is not actually enforced.\nThese cookies affected the response: \nThese cookies did NOT affect the response: ARRAffinitySameSite,ARRAffinity\n"
						},
						{
							"id": "151",
							"uri": "https://juiceshop-dev-devsecops-47526599.azurewebsites.net/main.js",
							"method": "GET",
							"param": "",
							"attack": "",
							"evidence": "",
							"otherinfo": "Cookies that don't have expected effects can reveal flaws in application logic. In the worst case, this can reveal where authentication via cookie token(s) is not actually enforced.\nThese cookies affected the response: \nThese cookies did NOT affect the response: ARRAffinitySameSite,ARRAffinity\n"
						},
						{
							"id": "150",
							"uri": "https://juiceshop-dev-devsecops-47526599.azurewebsites.net/polyfills.js",
							"method": "GET",
							"param": "",
							"attack": "",
							"evidence": "",
							"otherinfo": "Cookies that don't have expected effects can reveal flaws in application logic. In the worst case, this can reveal where authentication via cookie token(s) is not actually enforced.\nThese cookies affected the response: \nThese cookies did NOT affect the response: ARRAffinitySameSite,ARRAffinity\n"
						},
						{
							"id": "148",
							"uri": "https://juiceshop-dev-devsecops-47526599.azurewebsites.net/robots.txt",
							"method": "GET",
							"param": "",
							"attack": "",
							"evidence": "",
							"otherinfo": "Cookies that don't have expected effects can reveal flaws in application logic. In the worst case, this can reveal where authentication via cookie token(s) is not actually enforced.\nThese cookies affected the response: \nThese cookies did NOT affect the response: ARRAffinitySameSite,ARRAffinity\n"
						},
						{
							"id": "152",
							"uri": "https://juiceshop-dev-devsecops-47526599.azurewebsites.net/runtime.js",
							"method": "GET",
							"param": "",
							"attack": "",
							"evidence": "",
							"otherinfo": "Cookies that don't have expected effects can reveal flaws in application logic. In the worst case, this can reveal where authentication via cookie token(s) is not actually enforced.\nThese cookies affected the response: \nThese cookies did NOT affect the response: ARRAffinitySameSite,ARRAffinity\n"
						},
						{
							"id": "153",
							"uri": "https://juiceshop-dev-devsecops-47526599.azurewebsites.net/sitemap.xml",
							"method": "GET",
							"param": "",
							"attack": "",
							"evidence": "",
							"otherinfo": "Cookies that don't have expected effects can reveal flaws in application logic. In the worst case, this can reveal where authentication via cookie token(s) is not actually enforced.\nThese cookies affected the response: \nThese cookies did NOT affect the response: ARRAffinitySameSite,ARRAffinity\n"
						},
						{
							"id": "155",
							"uri": "https://juiceshop-dev-devsecops-47526599.azurewebsites.net/styles.css",
							"method": "GET",
							"param": "",
							"attack": "",
							"evidence": "",
							"otherinfo": "Cookies that don't have expected effects can reveal flaws in application logic. In the worst case, this can reveal where authentication via cookie token(s) is not actually enforced.\nThese cookies affected the response: \nThese cookies did NOT affect the response: ARRAffinitySameSite,ARRAffinity\n"
						},
						{
							"id": "154",
							"uri": "https://juiceshop-dev-devsecops-47526599.azurewebsites.net/vendor.js",
							"method": "GET",
							"param": "",
							"attack": "",
							"evidence": "",
							"otherinfo": "Cookies that don't have expected effects can reveal flaws in application logic. In the worst case, this can reveal where authentication via cookie token(s) is not actually enforced.\nThese cookies affected the response: \nThese cookies did NOT affect the response: ARRAffinitySameSite,ARRAffinity\n"
						}
					],
					"count": "12",
					"solution": "",
					"otherinfo": "<p>Cookies that don't have expected effects can reveal flaws in application logic. In the worst case, this can reveal where authentication via cookie token(s) is not actually enforced.</p><p>These cookies affected the response: </p><p>These cookies did NOT affect the response: ARRAffinitySameSite,ARRAffinity</p><p></p>",
					"reference": "<p>https://cwe.mitre.org/data/definitions/205.html</p>",
					"cweid": "205",
					"wascid": "45",
					"sourceid": "3045"
				},
				{
					"pluginid": "10027",
					"alertRef": "10027",
					"alert": "Information Disclosure - Suspicious Comments",
					"name": "Information Disclosure - Suspicious Comments",
					"riskcode": "0",
					"confidence": "1",
					"riskdesc": "Informational (Low)",
					"desc": "<p>The response appears to contain suspicious comments which may help an attacker. Note: Matches made within script blocks or files are against the entire content not only comments.</p>",
					"instances":[ 
						{
							"id": "69",
							"uri": "https://juiceshop-dev-devsecops-47526599.azurewebsites.net/main.js",
							"method": "GET",
							"param": "",
							"attack": "",
							"evidence": "query",
							"otherinfo": "The following pattern was used: \\bQUERY\\b and was detected in the element starting with: \"\"use strict\";(self.webpackChunkfrontend=self.webpackChunkfrontend||[]).push([[179],{4550:(tt,K,c)=>{c.d(K,{e:()=>s});var S=c(234\", see evidence field for the suspicious comment/snippet."
						},
						{
							"id": "77",
							"uri": "https://juiceshop-dev-devsecops-47526599.azurewebsites.net/vendor.js",
							"method": "GET",
							"param": "",
							"attack": "",
							"evidence": "query",
							"otherinfo": "The following pattern was used: \\bQUERY\\b and was detected in the element starting with: \"(self.webpackChunkfrontend=self.webpackChunkfrontend||[]).push([[736],{9187:(Mt,te,u)=>{\"use strict\";u.d(te,{Xy:()=>J,ne:()=>Be,\", see evidence field for the suspicious comment/snippet."
						}
					],
					"count": "2",
					"solution": "<p>Remove all comments that return information that may help an attacker and fix any underlying problems they refer to.</p>",
					"otherinfo": "<p>The following pattern was used: \\bQUERY\\b and was detected in the element starting with: \"\"use strict\";(self.webpackChunkfrontend=self.webpackChunkfrontend||[]).push([[179],{4550:(tt,K,c)=>{c.d(K,{e:()=>s});var S=c(234\", see evidence field for the suspicious comment/snippet.</p>",
					"reference": "",
					"cweid": "200",
					"wascid": "13",
					"sourceid": "23"
				},
				{
					"pluginid": "10109",
					"alertRef": "10109",
					"alert": "Modern Web Application",
					"name": "Modern Web Application",
					"riskcode": "0",
					"confidence": "2",
					"riskdesc": "Informational (Medium)",
					"desc": "<p>The application appears to be a modern web application. If you need to explore it automatically then the Ajax Spider may well be more effective than the standard one.</p>",
					"instances":[ 
						{
							"id": "42",
							"uri": "https://juiceshop-dev-devsecops-47526599.azurewebsites.net",
							"method": "GET",
							"param": "",
							"attack": "",
							"evidence": "<script src=\"//cdnjs.cloudflare.com/ajax/libs/cookieconsent2/3.1.0/cookieconsent.min.js\"></script>",
							"otherinfo": "No links have been found while there are scripts, which is an indication that this is a modern web application."
						},
						{
							"id": "7",
							"uri": "https://juiceshop-dev-devsecops-47526599.azurewebsites.net/",
							"method": "GET",
							"param": "",
							"attack": "",
							"evidence": "<script src=\"//cdnjs.cloudflare.com/ajax/libs/cookieconsent2/3.1.0/cookieconsent.min.js\"></script>",
							"otherinfo": "No links have been found while there are scripts, which is an indication that this is a modern web application."
						},
						{
							"id": "39",
							"uri": "https://juiceshop-dev-devsecops-47526599.azurewebsites.net/sitemap.xml",
							"method": "GET",
							"param": "",
							"attack": "",
							"evidence": "<script src=\"//cdnjs.cloudflare.com/ajax/libs/cookieconsent2/3.1.0/cookieconsent.min.js\"></script>",
							"otherinfo": "No links have been found while there are scripts, which is an indication that this is a modern web application."
						}
					],
					"count": "3",
					"solution": "<p>This is an informational alert and so no changes are required.</p>",
					"otherinfo": "<p>No links have been found while there are scripts, which is an indication that this is a modern web application.</p>",
					"reference": "",
					"cweid": "-1",
					"wascid": "-1",
					"sourceid": "7"
				},
				{
					"pluginid": "10049",
					"alertRef": "10049",
					"alert": "Non-Storable Content",
					"name": "Non-Storable Content",
					"riskcode": "0",
					"confidence": "2",
					"riskdesc": "Informational (Medium)",
					"desc": "<p>The response contents are not storable by caching components such as proxy servers. If the response does not contain sensitive, personal or user-specific information, it may benefit from being stored and cached, to improve performance.</p>",
					"instances":[ 
						{
							"id": "83",
							"uri": "https://juiceshop-dev-devsecops-47526599.azurewebsites.net/ftp",
							"method": "GET",
							"param": "",
							"attack": "",
							"evidence": "400",
							"otherinfo": ""
						}
					],
					"count": "1",
					"solution": "<p>The content may be marked as storable by ensuring that the following conditions are satisfied:</p><p>The request method must be understood by the cache and defined as being cacheable (\"GET\", \"HEAD\", and \"POST\" are currently defined as cacheable)</p><p>The response status code must be understood by the cache (one of the 1XX, 2XX, 3XX, 4XX, or 5XX response classes are generally understood)</p><p>The \"no-store\" cache directive must not appear in the request or response header fields</p><p>For caching by \"shared\" caches such as \"proxy\" caches, the \"private\" response directive must not appear in the response</p><p>For caching by \"shared\" caches such as \"proxy\" caches, the \"Authorization\" header field must not appear in the request, unless the response explicitly allows it (using one of the \"must-revalidate\", \"public\", or \"s-maxage\" Cache-Control response directives)</p><p>In addition to the conditions above, at least one of the following conditions must also be satisfied by the response:</p><p>It must contain an \"Expires\" header field</p><p>It must contain a \"max-age\" response directive</p><p>For \"shared\" caches such as \"proxy\" caches, it must contain a \"s-maxage\" response directive</p><p>It must contain a \"Cache Control Extension\" that allows it to be cached</p><p>It must have a status code that is defined as cacheable by default (200, 203, 204, 206, 300, 301, 404, 405, 410, 414, 501).</p>",
					"otherinfo": "",
					"reference": "<p>https://datatracker.ietf.org/doc/html/rfc7234</p><p>https://datatracker.ietf.org/doc/html/rfc7231</p><p>https://www.w3.org/Protocols/rfc2616/rfc2616-sec13.html</p>",
					"cweid": "524",
					"wascid": "13",
					"sourceid": "26"
				},
				{
					"pluginid": "10015",
					"alertRef": "10015",
					"alert": "Re-examine Cache-control Directives",
					"name": "Re-examine Cache-control Directives",
					"riskcode": "0",
					"confidence": "1",
					"riskdesc": "Informational (Low)",
					"desc": "<p>The cache-control header has not been set properly or is missing, allowing the browser and proxies to cache content. For static assets like css, js, or image files this might be intended, however, the resources should be reviewed to ensure that no sensitive content will be cached.</p>",
					"instances":[ 
						{
							"id": "18",
							"uri": "https://juiceshop-dev-devsecops-47526599.azurewebsites.net",
							"method": "GET",
							"param": "cache-control",
							"attack": "",
							"evidence": "public, max-age=0",
							"otherinfo": ""
						},
						{
							"id": "0",
							"uri": "https://juiceshop-dev-devsecops-47526599.azurewebsites.net/",
							"method": "GET",
							"param": "cache-control",
							"attack": "",
							"evidence": "public, max-age=0",
							"otherinfo": ""
						},
						{
							"id": "16",
							"uri": "https://juiceshop-dev-devsecops-47526599.azurewebsites.net/robots.txt",
							"method": "GET",
							"param": "cache-control",
							"attack": "",
							"evidence": "",
							"otherinfo": ""
						},
						{
							"id": "25",
							"uri": "https://juiceshop-dev-devsecops-47526599.azurewebsites.net/sitemap.xml",
							"method": "GET",
							"param": "cache-control",
							"attack": "",
							"evidence": "public, max-age=0",
							"otherinfo": ""
						}
					],
					"count": "4",
					"solution": "<p>For secure content, ensure the cache-control HTTP header is set with \"no-cache, no-store, must-revalidate\". If an asset should be cached consider setting the directives \"public, max-age, immutable\".</p>",
					"otherinfo": "",
					"reference": "<p>https://cheatsheetseries.owasp.org/cheatsheets/Session_Management_Cheat_Sheet.html#web-content-caching</p><p>https://developer.mozilla.org/en-US/docs/Web/HTTP/Headers/Cache-Control</p><p>https://grayduck.mn/2021/09/13/cache-control-recommendations/</p>",
					"cweid": "525",
					"wascid": "13",
					"sourceid": "7"
				},
				{
					"pluginid": "10112",
					"alertRef": "10112",
					"alert": "Session Management Response Identified",
					"name": "Session Management Response Identified",
					"riskcode": "0",
					"confidence": "2",
					"riskdesc": "Informational (Medium)",
					"desc": "<p>The given response has been identified as containing a session management token. The 'Other Info' field contains a set of header tokens that can be used in the Header Based Session Management Method. If the request is in a context which has a Session Management Method set to \"Auto-Detect\" then this rule will change the session management to use the tokens identified.</p>",
					"instances":[ 
						{
							"id": "53",
							"uri": "https://juiceshop-dev-devsecops-47526599.azurewebsites.net",
							"method": "GET",
							"param": "ARRAffinity",
							"attack": "",
							"evidence": "39b3b235d6db39cca0a58e9f5a0362f9d8995b97311942645a461a93e86f223d",
							"otherinfo": "\ncookie:ARRAffinity\ncookie:ARRAffinitySameSite"
						},
						{
							"id": "9",
							"uri": "https://juiceshop-dev-devsecops-47526599.azurewebsites.net/",
							"method": "GET",
							"param": "ARRAffinity",
							"attack": "",
							"evidence": "39b3b235d6db39cca0a58e9f5a0362f9d8995b97311942645a461a93e86f223d",
							"otherinfo": "\ncookie:ARRAffinity\ncookie:ARRAffinitySameSite"
						}
					],
					"count": "2",
					"solution": "<p>This is an informational alert rather than a vulnerability and so there is nothing to fix.</p>",
					"otherinfo": "<p></p><p>cookie:ARRAffinity</p><p>cookie:ARRAffinitySameSite</p>",
					"reference": "<p>https://www.zaproxy.org/docs/desktop/addons/authentication-helper/session-mgmt-id</p>",
					"cweid": "-1",
					"wascid": "-1",
					"sourceid": "7"
				},
				{
					"pluginid": "10049",
					"alertRef": "10049",
					"alert": "Storable and Cacheable Content",
					"name": "Storable and Cacheable Content",
					"riskcode": "0",
					"confidence": "2",
					"riskdesc": "Informational (Medium)",
					"desc": "<p>The response contents are storable by caching components such as proxy servers, and may be retrieved directly from the cache, rather than from the origin server by the caching servers, in response to similar requests from other users. If the response data is sensitive, personal or user-specific, this may result in sensitive information being leaked. In some cases, this may even result in a user gaining complete control of the session of another user, depending on the configuration of the caching components in use in their environment. This is primarily an issue where \"shared\" caching servers such as \"proxy\" caches are configured on the local network. This configuration is typically found in corporate or educational environments, for instance.</p>",
					"instances":[ 
						{
							"id": "23",
							"uri": "https://juiceshop-dev-devsecops-47526599.azurewebsites.net/robots.txt",
							"method": "GET",
							"param": "",
							"attack": "",
							"evidence": "",
							"otherinfo": "In the absence of an explicitly specified caching lifetime directive in the response, a liberal lifetime heuristic of 1 year was assumed. This is permitted by rfc7234."
						}
					],
					"count": "1",
					"solution": "<p>Validate that the response does not contain sensitive, personal or user-specific information. If it does, consider the use of the following HTTP response headers, to limit, or prevent the content being stored and retrieved from the cache by another user:</p><p>Cache-Control: no-cache, no-store, must-revalidate, private</p><p>Pragma: no-cache</p><p>Expires: 0</p><p>This configuration directs both HTTP 1.0 and HTTP 1.1 compliant caching servers to not store the response, and to not retrieve the response (without validation) from the cache, in response to a similar request.</p>",
					"otherinfo": "<p>In the absence of an explicitly specified caching lifetime directive in the response, a liberal lifetime heuristic of 1 year was assumed. This is permitted by rfc7234.</p>",
					"reference": "<p>https://datatracker.ietf.org/doc/html/rfc7234</p><p>https://datatracker.ietf.org/doc/html/rfc7231</p><p>https://www.w3.org/Protocols/rfc2616/rfc2616-sec13.html</p>",
					"cweid": "524",
					"wascid": "13",
					"sourceid": "18"
				},
				{
					"pluginid": "10049",
					"alertRef": "10049",
					"alert": "Storable but Non-Cacheable Content",
					"name": "Storable but Non-Cacheable Content",
					"riskcode": "0",
					"confidence": "2",
					"riskdesc": "Informational (Medium)",
					"desc": "<p>The response contents are storable by caching components such as proxy servers, but will not be retrieved directly from the cache, without validating the request upstream, in response to similar requests from other users.</p>",
					"instances":[ 
						{
							"id": "54",
							"uri": "https://juiceshop-dev-devsecops-47526599.azurewebsites.net",
							"method": "GET",
							"param": "",
							"attack": "",
							"evidence": "max-age=0",
							"otherinfo": ""
						},
						{
							"id": "10",
							"uri": "https://juiceshop-dev-devsecops-47526599.azurewebsites.net/",
							"method": "GET",
							"param": "",
							"attack": "",
							"evidence": "max-age=0",
							"otherinfo": ""
						},
						{
							"id": "17",
							"uri": "https://juiceshop-dev-devsecops-47526599.azurewebsites.net/assets/public/favicon_js.ico",
							"method": "GET",
							"param": "",
							"attack": "",
							"evidence": "max-age=0",
							"otherinfo": ""
						},
						{
							"id": "73",
							"uri": "https://juiceshop-dev-devsecops-47526599.azurewebsites.net/main.js",
							"method": "GET",
							"param": "",
							"attack": "",
							"evidence": "max-age=0",
							"otherinfo": ""
						},
						{
							"id": "64",
							"uri": "https://juiceshop-dev-devsecops-47526599.azurewebsites.net/polyfills.js",
							"method": "GET",
							"param": "",
							"attack": "",
							"evidence": "max-age=0",
							"otherinfo": ""
						},
						{
							"id": "57",
							"uri": "https://juiceshop-dev-devsecops-47526599.azurewebsites.net/runtime.js",
							"method": "GET",
							"param": "",
							"attack": "",
							"evidence": "max-age=0",
							"otherinfo": ""
						},
						{
							"id": "44",
							"uri": "https://juiceshop-dev-devsecops-47526599.azurewebsites.net/sitemap.xml",
							"method": "GET",
							"param": "",
							"attack": "",
							"evidence": "max-age=0",
							"otherinfo": ""
						},
						{
							"id": "67",
							"uri": "https://juiceshop-dev-devsecops-47526599.azurewebsites.net/styles.css",
							"method": "GET",
							"param": "",
							"attack": "",
							"evidence": "max-age=0",
							"otherinfo": ""
						},
						{
							"id": "79",
							"uri": "https://juiceshop-dev-devsecops-47526599.azurewebsites.net/vendor.js",
							"method": "GET",
							"param": "",
							"attack": "",
							"evidence": "max-age=0",
							"otherinfo": ""
						}
					],
					"count": "9",
					"solution": "",
					"otherinfo": "",
					"reference": "<p>https://datatracker.ietf.org/doc/html/rfc7234</p><p>https://datatracker.ietf.org/doc/html/rfc7231</p><p>https://www.w3.org/Protocols/rfc2616/rfc2616-sec13.html</p>",
					"cweid": "524",
					"wascid": "13",
					"sourceid": "7"
				},
				{
					"pluginid": "10104",
					"alertRef": "10104",
					"alert": "User Agent Fuzzer",
					"name": "User Agent Fuzzer",
					"riskcode": "0",
					"confidence": "2",
					"riskdesc": "Informational (Medium)",
					"desc": "<p>Check for differences in response based on fuzzed User Agent (eg. mobile sites, access as a Search Engine Crawler). Compares the response statuscode and the hashcode of the response body with the original response.</p>",
					"instances":[ 
						{
							"id": "92",
							"uri": "https://juiceshop-dev-devsecops-47526599.azurewebsites.net/assets",
							"method": "GET",
							"param": "Header User-Agent",
							"attack": "Mozilla/4.0 (compatible; MSIE 6.0; Windows NT 5.1)",
							"evidence": "",
							"otherinfo": ""
						},
						{
							"id": "90",
							"uri": "https://juiceshop-dev-devsecops-47526599.azurewebsites.net/assets",
							"method": "GET",
							"param": "Header User-Agent",
							"attack": "Mozilla/4.0 (compatible; MSIE 7.0; Windows NT 6.0)",
							"evidence": "",
							"otherinfo": ""
						},
						{
							"id": "88",
							"uri": "https://juiceshop-dev-devsecops-47526599.azurewebsites.net/assets",
							"method": "GET",
							"param": "Header User-Agent",
							"attack": "Mozilla/4.0 (compatible; MSIE 8.0; Windows NT 6.1)",
							"evidence": "",
							"otherinfo": ""
						},
						{
							"id": "94",
							"uri": "https://juiceshop-dev-devsecops-47526599.azurewebsites.net/assets",
							"method": "GET",
							"param": "Header User-Agent",
							"attack": "Mozilla/5.0 (Windows NT 10.0; Trident/7.0; rv:11.0) like Gecko",
							"evidence": "",
							"otherinfo": ""
						},
						{
							"id": "96",
							"uri": "https://juiceshop-dev-devsecops-47526599.azurewebsites.net/assets",
							"method": "GET",
							"param": "Header User-Agent",
							"attack": "Mozilla/5.0 (Windows NT 10.0; Win64; x64) AppleWebKit/537.36 (KHTML, like Gecko) Chrome/75.0.3739.0 Safari/537.36 Edg/75.0.109.0",
							"evidence": "",
							"otherinfo": ""
						},
						{
							"id": "110",
							"uri": "https://juiceshop-dev-devsecops-47526599.azurewebsites.net/assets",
							"method": "GET",
							"param": "Header User-Agent",
							"attack": "Mozilla/5.0 (Windows NT 10.0; Win64; x64) AppleWebKit/537.36 (KHTML, like Gecko) Chrome/91.0.4472.124 Safari/537.36",
							"evidence": "",
							"otherinfo": ""
						},
						{
							"id": "108",
							"uri": "https://juiceshop-dev-devsecops-47526599.azurewebsites.net/assets",
							"method": "GET",
							"param": "Header User-Agent",
							"attack": "Mozilla/5.0 (Windows NT 10.0; Win64; x64; rv:93.0) Gecko/20100101 Firefox/91.0",
							"evidence": "",
							"otherinfo": ""
						},
						{
							"id": "98",
							"uri": "https://juiceshop-dev-devsecops-47526599.azurewebsites.net/assets",
							"method": "GET",
							"param": "Header User-Agent",
							"attack": "Mozilla/5.0 (compatible; Googlebot/2.1; +http://www.google.com/bot.html)",
							"evidence": "",
							"otherinfo": ""
						},
						{
							"id": "102",
							"uri": "https://juiceshop-dev-devsecops-47526599.azurewebsites.net/assets",
							"method": "GET",
							"param": "Header User-Agent",
							"attack": "Mozilla/5.0 (compatible; Yahoo! Slurp; http://help.yahoo.com/help/us/ysearch/slurp)",
							"evidence": "",
							"otherinfo": ""
						},
						{
							"id": "106",
							"uri": "https://juiceshop-dev-devsecops-47526599.azurewebsites.net/assets",
							"method": "GET",
							"param": "Header User-Agent",
							"attack": "Mozilla/5.0 (iPhone; CPU iPhone OS 8_0_2 like Mac OS X) AppleWebKit/600.1.4 (KHTML, like Gecko) Version/8.0 Mobile/12A366 Safari/600.1.4",
							"evidence": "",
							"otherinfo": ""
						},
						{
							"id": "103",
							"uri": "https://juiceshop-dev-devsecops-47526599.azurewebsites.net/assets",
							"method": "GET",
							"param": "Header User-Agent",
							"attack": "Mozilla/5.0 (iPhone; U; CPU iPhone OS 3_0 like Mac OS X; en-us) AppleWebKit/528.18 (KHTML, like Gecko) Version/4.0 Mobile/7A341 Safari/528.16",
							"evidence": "",
							"otherinfo": ""
						},
						{
							"id": "100",
							"uri": "https://juiceshop-dev-devsecops-47526599.azurewebsites.net/assets",
							"method": "GET",
							"param": "Header User-Agent",
							"attack": "msnbot/1.1 (+http://search.msn.com/msnbot.htm)",
							"evidence": "",
							"otherinfo": ""
						},
						{
							"id": "93",
							"uri": "https://juiceshop-dev-devsecops-47526599.azurewebsites.net/assets/public",
							"method": "GET",
							"param": "Header User-Agent",
							"attack": "Mozilla/4.0 (compatible; MSIE 6.0; Windows NT 5.1)",
							"evidence": "",
							"otherinfo": ""
						},
						{
							"id": "91",
							"uri": "https://juiceshop-dev-devsecops-47526599.azurewebsites.net/assets/public",
							"method": "GET",
							"param": "Header User-Agent",
							"attack": "Mozilla/4.0 (compatible; MSIE 7.0; Windows NT 6.0)",
							"evidence": "",
							"otherinfo": ""
						},
						{
							"id": "89",
							"uri": "https://juiceshop-dev-devsecops-47526599.azurewebsites.net/assets/public",
							"method": "GET",
							"param": "Header User-Agent",
							"attack": "Mozilla/4.0 (compatible; MSIE 8.0; Windows NT 6.1)",
							"evidence": "",
							"otherinfo": ""
						},
						{
							"id": "95",
							"uri": "https://juiceshop-dev-devsecops-47526599.azurewebsites.net/assets/public",
							"method": "GET",
							"param": "Header User-Agent",
							"attack": "Mozilla/5.0 (Windows NT 10.0; Trident/7.0; rv:11.0) like Gecko",
							"evidence": "",
							"otherinfo": ""
						},
						{
							"id": "97",
							"uri": "https://juiceshop-dev-devsecops-47526599.azurewebsites.net/assets/public",
							"method": "GET",
							"param": "Header User-Agent",
							"attack": "Mozilla/5.0 (Windows NT 10.0; Win64; x64) AppleWebKit/537.36 (KHTML, like Gecko) Chrome/75.0.3739.0 Safari/537.36 Edg/75.0.109.0",
							"evidence": "",
							"otherinfo": ""
						},
						{
							"id": "111",
							"uri": "https://juiceshop-dev-devsecops-47526599.azurewebsites.net/assets/public",
							"method": "GET",
							"param": "Header User-Agent",
							"attack": "Mozilla/5.0 (Windows NT 10.0; Win64; x64) AppleWebKit/537.36 (KHTML, like Gecko) Chrome/91.0.4472.124 Safari/537.36",
							"evidence": "",
							"otherinfo": ""
						},
						{
							"id": "109",
							"uri": "https://juiceshop-dev-devsecops-47526599.azurewebsites.net/assets/public",
							"method": "GET",
							"param": "Header User-Agent",
							"attack": "Mozilla/5.0 (Windows NT 10.0; Win64; x64; rv:93.0) Gecko/20100101 Firefox/91.0",
							"evidence": "",
							"otherinfo": ""
						},
						{
							"id": "99",
							"uri": "https://juiceshop-dev-devsecops-47526599.azurewebsites.net/assets/public",
							"method": "GET",
							"param": "Header User-Agent",
							"attack": "Mozilla/5.0 (compatible; Googlebot/2.1; +http://www.google.com/bot.html)",
							"evidence": "",
							"otherinfo": ""
						},
						{
							"id": "104",
							"uri": "https://juiceshop-dev-devsecops-47526599.azurewebsites.net/assets/public",
							"method": "GET",
							"param": "Header User-Agent",
							"attack": "Mozilla/5.0 (compatible; Yahoo! Slurp; http://help.yahoo.com/help/us/ysearch/slurp)",
							"evidence": "",
							"otherinfo": ""
						},
						{
							"id": "107",
							"uri": "https://juiceshop-dev-devsecops-47526599.azurewebsites.net/assets/public",
							"method": "GET",
							"param": "Header User-Agent",
							"attack": "Mozilla/5.0 (iPhone; CPU iPhone OS 8_0_2 like Mac OS X) AppleWebKit/600.1.4 (KHTML, like Gecko) Version/8.0 Mobile/12A366 Safari/600.1.4",
							"evidence": "",
							"otherinfo": ""
						},
						{
							"id": "105",
							"uri": "https://juiceshop-dev-devsecops-47526599.azurewebsites.net/assets/public",
							"method": "GET",
							"param": "Header User-Agent",
							"attack": "Mozilla/5.0 (iPhone; U; CPU iPhone OS 3_0 like Mac OS X; en-us) AppleWebKit/528.18 (KHTML, like Gecko) Version/4.0 Mobile/7A341 Safari/528.16",
							"evidence": "",
							"otherinfo": ""
						},
						{
							"id": "101",
							"uri": "https://juiceshop-dev-devsecops-47526599.azurewebsites.net/assets/public",
							"method": "GET",
							"param": "Header User-Agent",
							"attack": "msnbot/1.1 (+http://search.msn.com/msnbot.htm)",
							"evidence": "",
							"otherinfo": ""
						}
					],
					"count": "24",
					"solution": "",
					"otherinfo": "",
					"reference": "<p>https://owasp.org/wstg</p>",
					"cweid": "0",
					"wascid": "0",
					"sourceid": "2240"
				}
			]
		}
	],
	"sequences":[
	]

}
