{
    "manifestVersion": 1,
    "id": "ghazdo-dependency-injection",
    "name": "GHAzDO Dependency Injection",
    "version": "0.0.2",
    "publisher": "GHAzDOPreview",
    "targets": [
        {
            "id": "Microsoft.VisualStudio.Services"
        }
    ],    
    "description": "GitHub Advanced Security on Azure DevOps Dependency Scanning Injection mechanism",
    "categories": ["Azure Repos", "Azure Pipelines"],
    "icons": {
        "default": "images/icon.png"
    },
    "files": [
        {
            "path": "decorator.yml",
            "addressable": true,
            "contentType": "text/plain"
        }
    ],
    "contributions": [
        {
            "id": "ghazdo-dependency-injection",
            "type": "ms.azure-pipelines.pipeline-decorator",
            "targets": [
                "ms.azure-pipelines-agent-job.post-job-tasks"
            ],
            "properties": {
                "template": "decorator.yml"
            }
        }
    ]
}